Name,Brand,Price,Shipping_Cost,Location,Views,Link
NEW SAMSUNG GALAXY S22ULTRA/ S21ULTRA/ S20ULTRA 5G FACTORY UNLOCKED SMARTPHONE,,$270.75 to $650.75,+$10.00 shipping,from China,,https://www.ebay.com/itm/135165424434?_nkw=mobile+phones&epid=2323332005&itmmeta=01J5FBSZJKD2K7W4T1XGFXGMW2&hash=item1f787cb332:g:Y9IAAOSw4gZmpImd&itmprp=enc%3AAQAJAAAA8HoV3kP08IDx%2BKZ9MfhVJKnwLLaFvig3PIfaAtPjISIxuxUWDKgTxxW6VdGMjz0SO4AmLHULBT21%2Fms3B6ng7OSTha10zgJWLQrnFA6nvSU7wIKKBSy4hj8UsAO4IKSJNYPK%2FOBD7N0ngFMBpHG7u8jWe8vy6L%2F6He8L8QJhThGDhjP7gZQ5Mla3LL%2B%2B6YqgXmiNi4w4QoOQolMmws9oWG%2FlMk9aNnxLg1EAxkvQONGOKSnHuBzGzsB2tbwFSSd0gPrYJoxT5IRHQrdTlu8AD8AqSDsPlES9cZVasnbE3j43eunJaCzprXIwdM1%2FG8ASEQ%3D%3D%7Ctkp%3ABFBMsvnn66tk
NEW SAMSUNG GALAXY S21+ PLUS 5G SM-G996U 128/256GB GSM+CDMA FACTORY UNLOCKED,,$261.25 to $284.05,Free International Shipping,from China,23+ watchers,https://www.ebay.com/itm/375542543637?_nkw=mobile+phones&epid=5048653133&itmmeta=01J5FBSZJMQ14XRQ41FM2DEDGW&hash=item5770147515:g:n9YAAOSwVBhmlS-q&itmprp=enc%3AAQAJAAAA8HoV3kP08IDx%2BKZ9MfhVJKlzPYrGX29sMIwlwWXknVjVzlGSeb3u%2BHABGfCKSelHzujquC%2BcDBpNZkmtsa8PnDYa5n%2BzfQyk6R5P6h5ET6e6OM1ueYP8P15NJXfTefxWJBLJsB4JZ6msQrx7MbGC9N5fh2E6M4tbJfUL5g4%2Be88Tm8dx6oRJM%2BSqidzbfSvWG1MmXofDI6kBlR8gJq8KwejrPBLWnBPLLIo%2Fj2PZwPs%2FU9B6zKPxxqeVmL%2FudfAvf1wDArPP8JHUrqdCdRZN9D7HbxXGxXKRIZekCikBpQfq58Ma4PZST20K%2BSm85%2B9WUw%3D%3D%7Ctkp%3ABFBMsvnn66tk
NEW SAMSUNG FACTORY UNLOCKED GALAXY NOTE 10+ PLUS SM-N975U 12/256GB GSM+CDAM,,$232.75,+$10.00 shipping,from China,13+ watchers,https://www.ebay.com/itm/135182709594?_nkw=mobile+phones&epid=12033734402&itmmeta=01J5FBSZJM2QDPCKKZP3PXM1PZ&hash=item1f7984735a:g:JTUAAOSwnSJmsv5g&itmprp=enc%3AAQAJAAAA8HoV3kP08IDx%2BKZ9MfhVJKmBFx0l5HjxrYe3ci1FAZKfT1yQpDIgh1uaigS4WEYF48gByUhCK3zhlVUjjijsehwHwDF7tx%2BL9XjH3eI35H0M0StfVXA0Fee6vFwu7C1I%2Ff1S85zkaiKr16i2Hh33Z4xp1KVW6VkSkeZSkRTdpaMevfeYEgeMPuH50p3EPqhhi2reqrQqIuueOTsobIFaUGjiAkCx4yWDsluKdRnJ3F38soG%2BuPLoZUrR00cTZ%2FW9tg1wLm2SjhkSBBYFmVCRCxBXc0cX3INHS7Ka%2BVXD7kxkzWM36MPeflpi78LcMYBR5Q%3D%3D%7Ctkp%3ABFBMsvnn66tk
Samsung Galaxy Note9 SM-N960 - 512gb. Unlocked. Single Sim. Black.,,$128.53,+$69.39 shipping estimate,from United Kingdom,,https://www.ebay.com/itm/395587143148?_nkw=mobile+phones&itmmeta=01J5FBSZJMTG85EXH4FHR0HKSB&hash=item5c1ad4c5ec:g:gKQAAOSwjPlmrPMv&itmprp=enc%3AAQAJAAAA0HoV3kP08IDx%2BKZ9MfhVJKlrAklJlP91EZjM2xns%2FZcXse8IqGvX9lcaYUgBmy%2Fucap9blGiM5JQsvOk%2BfFqwYxOw4Hasyf2FpQOVX5%2Bttwox98xoB%2BkUSLdkVYnT4aB8dQAGtrebgZvMcO5629zhjURfBttgfr1NAbMxuvt9h6ufzU3v0q6XwkqnqySp6b7lK%2Fg4y3jxuLkxqjyP2taGc3iQiBG07O%2F1d4wDBxncBJAGts1nf3IuvHntnQakKfXQ5oKlshcdrQduNQkcVwR9f4%3D%7Ctkp%3ABk9SR7L55-urZA
2024 i15 Pro Max 6.7 inch Smartphone Mobile Phones Global 4G 5G Cellphone 4+64GB,,$79.67 to $89.95,+$6.41 shipping,from China,26+ watchers,https://www.ebay.com/itm/135122671120?_nkw=mobile+phones&itmmeta=01J5FBSZJMN2ZGBXQWKXPCSVKY&hash=item1f75f05610:g:h~oAAOSwVwRmfU2x&itmprp=enc%3AAQAJAAAA8HoV3kP08IDx%2BKZ9MfhVJKkDr8GhpWAPA7m1RBWtIf4JQBm0uAjqo%2FWFRmoldQWsa6SSWnWD%2BAoHnGTE%2B2lb74czupm9QZODMjZihYyBtDoLTh0Rtyb%2Be0XnoGoGZBYXZnnkzBAaiUALUv1V%2FB9UAM6hBUw%2BHgu0hVR83wMBRBnuwIidjVj6GPDhADuz6BxvfoHiKJQMMRVUO6hkZei3o%2FFZQ00IfRqzninDOZCk10gd5%2FmX7hSftuNXrzCw2nK0Aov39QwxU3uQ6F51LIoETbrIL1%2FRv1u7duWQutwVbEY2CjteUzyxBWZVobQ1cO9RoA%3D%3D%7Ctkp%3ABk9SR7L55-urZA
"New ListingApple iPhone 12 128gb Blue Unlocked Ready For Use, Good Condition",,$257.05,+$64.01 shipping estimate,from United Kingdom,,https://www.ebay.com/itm/266952719198?_nkw=mobile+phones&epid=13042311291&itmmeta=01J5FBSZJMX45VBMCGWMED88BG&hash=item3e279f3b5e:g:tN0AAOSwUVFmuLTQ&itmprp=enc%3AAQAJAAAA0HoV3kP08IDx%2BKZ9MfhVJKnKArnpV5eTp%2B9QTwuSyz4I5PzHm91ZnKm6JuMDTBXRR6tqhpZ430MHIs2IuDOBqW1e7mDHO51oiHdmlRb3PwyGZbrsY8jOAvGMQeHzJFXrd%2FeXtc1esylvyfkpyA2PC8Veoi3KMnqrbN%2FBVWmf2VQhEKLRaLzTKFlBxKFtYxcl0ojtnFYG7OKs2jyQ1C%2FLTpIaokHwoed79XO6VOAUA6pIDE5MtSlKWzUU2mL70WQiZobS37pntoCIsruURbpttPU%3D%7Ctkp%3ABk9SR7T55-urZA
Samsung Galaxy S20 SM-G980F/DS - 128GB - Cosmic Grey. Unlocked. Dual Sim,,$118.24,+$71.22 shipping estimate,from United Kingdom,,https://www.ebay.com/itm/395587144370?_nkw=mobile+phones&epid=21036891496&itmmeta=01J5FBSZJMFNZ74YWQMZ2W62QX&hash=item5c1ad4cab2:g:SYkAAOSwYXtmrO~-&itmprp=enc%3AAQAJAAAA0HoV3kP08IDx%2BKZ9MfhVJKnCwWW4svDwF73g%2F5%2FmMXeHTCqK9w3HlOlnznVPN2FOtfbJK%2FXIc1LJZs195mjpYJnCp0MJPYNqqO2pjDV1WD%2BK56ewYFxxX8rBWn71IGshymn%2BdpFZcD4jOD6l3foE5bH1hBk6sbhzABuSi1xugeCSA0cBin1kzHZrrhJ2d93giTQ%2Fpki5teJyAYHrg3FDGzc67ksPvLt9DnDcorrcnVxHCHgCK44j7kFtwM8BabKtZI7wK0omYMMdDee7lp528bc%3D%7Ctkp%3ABk9SR7T55-urZA
Apple iPhone 11 -64GB Black Unlocked A2111 Brand NEW SEALED IN BOX Smartphone,,$259.99,+$43.75 shipping,from United States,82 watchers,https://www.ebay.com/itm/145941413560?_nkw=mobile+phones&epid=14064992071&itmmeta=01J5FBSZJMRR3PG9Z5M8ZDV95H&hash=item21fac93eb8:g:WFIAAOSw2dBms-tb&itmprp=enc%3AAQAJAAAA0HoV3kP08IDx%2BKZ9MfhVJKkFRW44fdTSeFqXcKe3STCI1fnkYtgPeo0ZZaqxyfPQ%2BzsPJM2ojQDq3IEPF8F0ZIss95DGT5pnycaUrigZBb385YrSdMfXwMGKAfvTp8wE82f6J8FfoAmCZU%2FpyJDP5yWlciUOFKZujNw%2FXa89ZDaTUG5AJvtJ7A2P1EJmBTe0H4DsM6CNS5d4iJ5liEAQdVYqpmxEdp8qR1NnwnQZmO5JkfcG9mO8NmeRx4vpAeHhDDHUB1r0Y%2FIuyRjNYE7cmGw%3D%7Ctkp%3ABk9SR7T55-urZA
Apple iPhone 14 Pro - 128GB - Space Black (Unlocked) A2890 (GSM),,$514.10,+$86.69 shipping estimate,from United Kingdom,,https://www.ebay.com/itm/145946782231?_nkw=mobile+phones&epid=9056253695&itmmeta=01J5FBSZJMYBY5538M3ABRTKEN&hash=item21fb1b2a17:g:f-QAAOSwf0tmmCAj&itmprp=enc%3AAQAJAAAA0HoV3kP08IDx%2BKZ9MfhVJKl9ia%2BouNyiDlEdC9mEwTfv2ACg83vGigyVzw%2BQwsU85p%2FZWUcgao5ja%2FHNkop1iwU8pkB36eDTgNOWelnu1rraBCCpH0FqjG3me05meX3UMUzBQixSrBKJRChxXNDoI04EPaYFnw2SE827HWNuQosSH%2FfZZ4%2FFI7Do8x1SJzvJ9pUf1qKT%2FqtOP99COu7VE7vKDDdlBsG9L%2FJOn9RwSk6jNy5ZYhJ2Y2Dvk8vJWXvhcJJcqoS28u2ngLbmHl%2B4QQI%3D%7Ctkp%3ABk9SR7T55-urZA
NEW Samsung Galaxy A04/A05/A14/A15/A24/A25/A34/A54 128GB Dual SIM Android phone,,$105.38 to $346.95,+$53.99 shipping estimate,from United Kingdom,,https://www.ebay.com/itm/195955367315?_nkw=mobile+phones&itmmeta=01J5FBSZJMY0KBBENVRDFRW5QN&hash=item2d9fd99d93:g:nNoAAOSwE3dl8cmt&itmprp=enc%3AAQAJAAAA8HoV3kP08IDx%2BKZ9MfhVJKnle802SS7qgg2XHE37s8Sz0XsJYqlgaKwNJdGfNtuB%2BEfVIGyMV0csEeS6fcZwHmdXEw326BrPMqCiRp4UtkUW%2FDA2FTQsWEUJj7MeDxZAY5%2Bp%2BdWpT1hDHxdISXFiIgh%2F2FsYIDtcDMKZ%2B6lnq6QV1gL9XHip58AwdS2h15ZSW08%2Fu1wMOceYEmm0FsqiJmUSZGG%2Ff57FmzCgcMuMs3sO7AjQCgdBdHedyq0U0GKQ46cIy9k1mhgxw8b8NHGJ4Kzugn1lFOKKi%2BWfHxEx0YrVIbIroJz7vZ2A5ZtV4%2Bdoow%3D%3D%7Ctkp%3ABk9SR7T55-urZA
New ListingSamsung Galaxy S22 Ultra - 512GB 5G Black Dual Sim- Unlocked UK Model Brand New,,$385.58,+$73.90 shipping estimate,from United Kingdom,,https://www.ebay.com/itm/256606123591?_nkw=mobile+phones&itmmeta=01J5FBSZJMGYWT21Y59DK2NTE7&hash=item3bbeeab647:g:UicAAOSwqp1mrni-&itmprp=enc%3AAQAJAAAA8HoV3kP08IDx%2BKZ9MfhVJKmazFMmMIrtZ8dTtXUR5YYnOAllg1RtMwT69szoNLjGxmEzJSCpVlkWyW1CNM%2BjP3zaLJodJLwyT0vbD%2FoIycjnF2cmsZMz1a5QvB7VYJhszU9%2B0w7%2BhFeD4JKDdXlWT3q6OrN%2BHGqzl5ZOvbxMBSdb0G5t%2FoPjtoO35wCLcj1Jd3xScZbvetumwgHvYGzVZ0dto1vTh%2B7ONy9hHcOorCh2ZzJmeVWxiksI6kk%2B%2FeOuO%2BiBPsNn2tyDmaioNGccCh45bTiuO4XaEVyzXCyCyDXXa3FU50%2Bom1pxA7Tnxggpsg%3D%3D%7Ctkp%3ABk9SR7T55-urZA
Apple iPhone 15 - 128GB - Green (Unlocked),,$694.04,+$19.28 shipping,from United Kingdom,,https://www.ebay.com/itm/286011072481?_nkw=mobile+phones&epid=5062777521&itmmeta=01J5FBSZJMB97K3VTEHAFZG7BY&hash=item4297969fe1:g:Zn0AAOSw2VpmuKXH&itmprp=enc%3AAQAJAAAA0HoV3kP08IDx%2BKZ9MfhVJKnlsRjkBBBo8anovuSsS%2F8Y3LjyHj4xIFqqQ9cMSDRibkHpoiV6kP28mjzB%2F8jrsrC5OFEJaaQNdDi3ugJL22fY1NGdpq9zqCa0NSfLX0NvSuzSrlhko9tSVJgmz3Efj3mTp2gjG76BiQ1%2BGFKrp3ybZbHN%2Bb7qpSUx%2BZHtS5AvOeJ0WzlH0i%2FYiVRjT5uCNgRQYvzGW%2FADzYBDVvTYwqc%2FBAWFk1NnbWKNcF40yQPZwPsP3gTd1DbUo8b6IppGWHI%3D%7Ctkp%3ABk9SR7T55-urZA
New ListingUnlocked Apple iPhone 256GB,,$0.73,+$141.46 shipping,from Canada,,https://www.ebay.com/itm/315672620270?_nkw=mobile+phones&itmmeta=01J5FBSZJM5M3KR5X6G6P7H1MQ&hash=item497f8decee:g:C~MAAOSwvdRmrdGD&itmprp=enc%3AAQAJAAAA8HoV3kP08IDx%2BKZ9MfhVJKnuiSf6FOo0zrEvtFcVj6lZvBEdCShVXsgl8ZFn%2BoEHGX66D87CopueozNN4U%2BLbG4j6qevv95Yf02L0hWHTO3cvK%2FF7XAGXQtUrrtRnOkUq9n3Gy1DQddzNaJ78QHECHRikuCQKxswwycU8FlgfjuvkZiNiubT%2Bh12uh%2FNykIEdbODCeQ9XAJQCucrY5MMDKExge1L0XO4eAhKj2gdzH4AUh%2BRty6qBqfOObhacfjIceDXTrNsYZKXPh5FOCYXwPyhSPXGfD3IlM564mic4RiYHydGjZKV%2FKDjijFPfBJ6Vw%3D%3D%7Ctkp%3ABk9SR7T55-urZA
BRAND NEW SAMSUNG GALAXY FACTORY UNLOCKED NOTE 20 5G SM-N981U 128/256GB GSM+CDMA,,$242.25 to $270.75,+$10.00 shipping,from China,19+ watchers,https://www.ebay.com/itm/135161132466?_nkw=mobile+phones&epid=12040747040&itmmeta=01J5FBSZJM77MFJAFRMK8J4SCK&hash=item1f783b35b2:g:mVMAAOSwj61moSFe&itmprp=enc%3AAQAJAAAA8HoV3kP08IDx%2BKZ9MfhVJKkKX0rdIdBfWFW%2FJhLmwsIh2pnSKoI%2F1PAr8cfiVufJTZBfw416iYW1jAzHAKLvglvvqvI4o3LH6cOhv9ETII6DZuYSrWLyMl3oKdObq2cXbqg%2BR1efHg2brBRTiGduEo5Be9v4HeI%2Fz%2BwNJ1nhdJJQvbY4DcsfhWdH%2B2n4nc3cJHP3exsZYLu2G7i%2Bz7hAtZ0lQK0MXJq7bCy2ayWbbhO6gStuelfhRDcsi1xZ6LF%2FqmOvUSVNsP%2FpwnB%2FXhCdULCFZUIaVlHxU%2BUN6NKvLvcsvLAlqx3Q8Di4cHhC6koCNw%3D%3D%7Ctkp%3ABFBMtPnn66tk
"7.3"" Unlocked S24Ultra 5G Smartphone Android 22GB+2TB Dual SIM Mobile Phones",,$192.77 to $231.33,+$54.88 shipping estimate,from United Kingdom,12+ watchers,https://www.ebay.com/itm/305709610662?_nkw=mobile+phones&itmmeta=01J5FBSZJM90F72T614252V15Y&hash=item472db676a6:g:nAAAAOSwI8Rmt483&itmprp=enc%3AAQAJAAAA8HoV3kP08IDx%2BKZ9MfhVJKm34reI9NAnh4WtrTnSNjG3T0Y9sMmvk8%2BCGzKHf0%2FsE3i%2BRsHFdMZstWFPM62f%2FhsSSnBhXhcEn4sQYuv%2F0n8E1f3lboyJa7gaJvmSVoxoFQFSKvDNJT60CiV2EV4vKI0hPqU47T4cpETtbO2ANwRwd9oVvg5YDzuUDUY7ozCsVB8NxswlJq0dH0XDK521MHExwSv%2FJABGa%2FtfbYmradn7qVPrK%2FrMRpR2jAAXEKKHKAzzDmpV9jJprHCrf9dRU4DFNJ2oAit7q%2FguhUKLy7Jk0TANagDkyGk2SiqlGsKMBw%3D%3D%7Ctkp%3ABFBMtPnn66tk
NEW SAMSUNG GALAXY 5G S20 ULTRA SM-G988U 128/256GB FACTORY UNLOCKED SMARTPHONE,,$261.25 to $299.25,+$10.00 shipping,from China,,https://www.ebay.com/itm/135159260250?_nkw=mobile+phones&itmmeta=01J5FBSZJM9T9B7759187MWYXB&hash=item1f781ea45a:g:v4wAAOSwc6Bmn0vv&itmprp=enc%3AAQAJAAAA8HoV3kP08IDx%2BKZ9MfhVJKmkniF89DL%2FSD1EjMgDKZNLOgC%2FOxuCssAubKK5zNCjBbHrum4KWoAld0PLKzZbPBI3fk0HzjdpWBIrqoHelhL9BDu8BXjtkcmp4OncnYAr55286LiAGTGsPzFZeXbnjDpdSyy30amfcnj6wT2NVcjcM%2Fc%2FLPf9zUVj3WEa6JUfgOazsy3nEHaCzAsr0mT8JMWH9lpJ5WNz8LbGDeRB2%2BPcb2v--R4CTW7ZJtG2pmxdTtedbZmSYL0U9Kjh0WqtYadigZnO7V8r%2BOs%2BvEkUYxNnECwnypqbfudSQnGvjxDusg%3D%3D%7Ctkp%3ABFBMtPnn66tk
SAMSUNG Galaxy Z Flip6 5G SM-F741U 256GB Unlocked Flip Phone Silver - Sealed!,,$789.99,+$49.44 shipping,from United States,187 watchers,https://www.ebay.com/itm/305712838057?_nkw=mobile+phones&itmmeta=01J5FBSZJM1JA2TR1N8G6KDVA4&hash=item472de7b5a9:g:NHoAAOSwH6dmoaFx&itmprp=enc%3AAQAJAAAA0HoV3kP08IDx%2BKZ9MfhVJKloMPB5oafOpDbvmLS%2FoS8%2BeHzjA6THoFQprJ1jhsmiLqnlswT9M6DqfTzhVqJMl0X8V6JtCrwfm8j4dQOBgnGsndt8dX8y4d%2FsFojYuVR%2BKn2codoRixSzpGjnMlM6aPV3xhUgXGKlWtbYjP607GiHUkdukToF4iW1pBkw2Homof8r6FlOR0l6ZSiBlLix32UIsN58YwcgW9jYrOaPmI0SiTZANPet7NHXPf7cxnvgr%2BjSOA%2FKfGnQ7OFObL5qmQI%3D%7Ctkp%3ABk9SR7T55-urZA
New ListingSamsung Galaxy S23 Ultra SM-S918B/DS -512GB - Graphite (Unlocked) Good Condition,,$514.09,+$78.34 shipping estimate,from United Kingdom,,https://www.ebay.com/itm/256606129193?_nkw=mobile+phones&epid=27058723010&itmmeta=01J5FBSZJMYH4C2GQ2KYDKZGTB&hash=item3bbeeacc29:g:52YAAOSwUl9mpS2H&itmprp=enc%3AAQAJAAAA8HoV3kP08IDx%2BKZ9MfhVJKlsFPccGs%2F2ruKUxToGIxq%2FzrYBEbKEc24Kgw4dQ%2BZ1K4HuufEAhf2NxKgfP5uQEWgne07zQTjr582QxH3bPpHFwj1yvGPhYLuio2KsH42X%2BapOJMuwBeUIE%2F3Zo5kvduXIj32SpNmU5wccf8XIoAFX3M5mwarmeQSfKYc1rQg%2F3l8gVTN%2FgFHH6qfH6ybHVqETQqWIrYUf98tJ5sAuG0uZMMRDLRJ%2FoBJA%2BB5yNqFYrjeIGRUtjDVCiAxhZpdis2Bdu8dE35edNMG14qIUzX1iHD3AA%2F6au1H29sBXhp4C9g%3D%3D%7Ctkp%3ABk9SR7T55-urZA
Apple iPhone 13 - 128GB | 256GB - (Unlocked) AT&T Verizon T-Mobile Cricket Metro,,$339.95 to $359.95,+$28.93 shipping,from United States,12+ watchers,https://www.ebay.com/itm/256582853213?_nkw=mobile+phones&epid=27064997127&itmmeta=01J5FBSZJM4SNMBR71DCYHBFBK&hash=item3bbd87a25d:g:HtoAAOSwXFFmoolD&itmprp=enc%3AAQAJAAAA8HoV3kP08IDx%2BKZ9MfhVJKkMB9RfCWLrhsnIjvmdN0gjJno6dqhe3UOFlQFjUnYo3wXs%2FCMFv1gY6AbsZClO%2BKgENAuqGeP2Hov92pWLsfhi0NBnY1oDMuwYRst877z%2BTuZfWGknpYnjeeQUJCl19sfXSd8b5mjhCL1BaJ04aYrNKYghZsZv3C1vFsf7sbTeWAbZK7lARMHko5D4PBfEUKz0NrQaUn8FgcJBzDl4Q%2FFxE8v2c%2BPLcnRsiQHRCE7Ax835AI22l4hklll1m%2FAV5ONPbnGaCg3%2B7rwgoNum1sz%2BD15Gs%2BETa4B4ILsY9sggTw%3D%3D%7Ctkp%3ABk9SR7T55-urZA
"Mi Redmi Note 13 Unlocked 5G Midnight Black 6.67"" 128GB Grade A UK 1 yr Warranty",,$178.65,+$53.07 shipping estimate,from United Kingdom,3 watchers,https://www.ebay.com/itm/166920683157?_nkw=mobile+phones&epid=9067099000&itmmeta=01J5FBSZJM01MEQMPQRSZ8TSTR&hash=item26dd3f7e95:g:6C0AAOSwmPFmvidg&itmprp=enc%3AAQAJAAAA0HoV3kP08IDx%2BKZ9MfhVJKkq7o3Xs3GWod%2Bl2p6jZ%2BOfaqnRZPQBE2J06xm6QV8Ig0slopbc9ERqfyUH%2FYk56h7WnIwjeMp2HXOpXyHVW--w3CeeomCBkl8R0vu80Dx8N%2B8sxC6iAKesYBjtMgIVwvOPIg7FunWwhjYVoR1PUqgcfkUo%2F3t0yH4X2aAFC%2BmJtaBomluzWF%2FxGg5pOrMf15lbYDh7xwBrz3w%2BFeeyljiShiQNHZg%2B0vTWp%2FFVF8uRICMjH2710sX23ObOq0I5HOg%3D%7Ctkp%3ABk9SR7T55-urZA
Samsung Galaxy A6 SM-A600 - 32GB - Black (Unlocked),,$42.41,+$48.36 shipping estimate,from United Kingdom,25 watchers,https://www.ebay.com/itm/276594986024?_nkw=mobile+phones&epid=13024152700&itmmeta=01J5FBSZJMD10T8ZP3Z0YKVSPX&hash=item4066588c28:g:UPEAAOSwBidl5v03&itmprp=enc%3AAQAJAAAA0HoV3kP08IDx%2BKZ9MfhVJKnniIYDMxDJPFlncd8M4qfngrm9EKEgEXcuxHU9pNBhUb5qOl8UT%2FJjlr%2BSn5a1vJsodtMiCuJGPMrrtpPCnyprctsRxNVHqKgVw%2FTTDyJQGz0z%2BOi24ZM0g8XWRTfpVKy6JWbbN5vvgz7ytvaKny1sdDEhA6%2BusmGoA3i1Ov20cY%2BeLqnq2Ji1pDyDYkIbUxCvOC9EkjOVFC1SalvYsFmeKWsJEYp4zxpgg4wBIlMnWoLDjKWyS7b%2B5nI0Lvp34Wo%3D%7Ctkp%3ABk9SR7T55-urZA
Google Pixel 6 | 6a | 6 Pro - 128GB 256GB 512GB - Unlocked Verizon T-Mobile AT&T,,$139.95 to $229.95,+$32.92 shipping,from United States,33+ watchers,https://www.ebay.com/itm/276523158982?_nkw=mobile+phones&epid=17065005850&itmmeta=01J5FBSZJM20ZWXEV57Q7SQ9CM&hash=item4062108dc6:g:~rUAAOSwkf5mebZY&itmprp=enc%3AAQAJAAAA0HoV3kP08IDx%2BKZ9MfhVJKlssF%2FfYHhUbhUVEPAmTfuvJNkUmvHT7avTkHZWhPoFEGWVpH416AK010Q8DeQ3aaUKOm6C%2FwM8%2B6x4NmUamTqgYFDDdopGtHPKVQmpxOre%2F5TAYGk1wuizcRqZNmVtLsCIh29SJmt7fdOOdgCpBlYNJzaxXhIZdPOHZ8ATha78C2IiLKEAH%2FiHhJguZWnCcD%2FAxGKQ6xzSmzi%2Bd1Q1oNl1SwPdL1vCmOog6r%2F61ag57k2sjPHRMZannSpEXCa4vvE%3D%7Ctkp%3ABk9SR7T55-urZA
Samsung Galaxy S21+ 5G G996B - 256GB - Phantom Violet (Dual Sim) (Unlocked),,$152.50,+$24.00 shipping,from Sri Lanka,,https://www.ebay.com/itm/176517837308?_nkw=mobile+phones&epid=25056187854&itmmeta=01J5FBSZJMHN3SX9KMM80PVYQ0&hash=item29194871fc:g:hbQAAOSwCBRmoaWM&itmprp=enc%3AAQAJAAAA0HoV3kP08IDx%2BKZ9MfhVJKn4etcUMXnYzfsAAbtmKdtfNSj7YRts2n9Pka4ol8Y9t76lQVoSA%2BephTUQtGNI5f19Zf68nU%2BxEuVUkT8mO3GCrbQ06jGIILc7YKeV62U%2BE3l50Q7bdYyM3rhI5rOK9gCa1qq1rU1ucy0hCzR1zIwcZk1tsuSzc9M8hmAXgV%2BjdN%2FyjO3CYvbWPilhU6%2FB2uEJWOMyzhwPy1mld2HQTtEulZ6LFTm9pPsc1nsiuhzim34Tdf1JYmqhrtPV7yU30ts%3D%7Ctkp%3ABk9SR7b55-urZA
Apple iPhone 13 A2482 T-Mobile Only 128GB Midnight New In Box,,$359.99,+$36.75 shipping,from United States,,https://www.ebay.com/itm/196531079989?_nkw=mobile+phones&epid=14064993588&itmmeta=01J5FBSZJM15KNN3B7KETS6N7K&hash=item2dc22a4b35:g:lLoAAOSwxKJmqF9A&itmprp=enc%3AAQAJAAAA8HoV3kP08IDx%2BKZ9MfhVJKkMXOqmH%2BI8ciOmjoKaKZTinjJzhg8G6%2B5MfFypevmlOixvlrLB67%2F9okQnz0wWLcT2PiulPtkeUdvWctET3XjmveQm4mZrXk6XNZo3AACzpvNuKKGXp4tbXs5RIxBVk4JBkUCE7XX%2B8nOAJig8Mf5BwzgtbK9Zy8plA5XvbAMlM%2Fey6vx9p2q%2BVLheJDbyJLel6%2FNmfoHTjkCm6E5HDYF3nh1gGan01Z%2FQ4qpzxE3Tc7IcCkurYhO6w36iL4R8wZ%2B%2FQOX0Nl6k7tkPhyVVMBzDRmG2Jq9EVEifOBFJGEMEVg%3D%3D%7Ctkp%3ABk9SR7b55-urZA
NEW SAMSUNG GALAXY NOTE 10+ PLUS SM-N975U 12/256GB FACTORY UNLOCKED GSM+CDMA,,$232.64,+$10.00 shipping,from China,,https://www.ebay.com/itm/315540919663?_nkw=mobile+phones&epid=7035815134&itmmeta=01J5FBSZJMA88Z4V7HJ8A23SEW&hash=item4977b4556f:g:QsgAAOSwqTZmj0Wh&itmprp=enc%3AAQAJAAAA8HoV3kP08IDx%2BKZ9MfhVJKl0NXtq6HgH6T9ed4sGUQPT4WPoQ2bQY8kjAVN%2BcRGOUc8QUnBZTfIh9ltrsQDSld7W4ho95gJKXRqCqxxS6GMkTAFFSjXHacQTFCDkTBcRoSuEhMIaHTFZEckFh01ZHWg%2FOc3LOwZ%2Fh3rAneK1YEIzeeKiG0uerU8CHhEBpWcJ%2BW68zlmEk1FUAH8iehFK51v0sYXduf%2Bc05Mzgs4%2FBunRGMeR%2FhvvaSEe%2FrG4ub98spimfNPCgc5MDcRsbbisQk4V3uiXcyMoAjmYjGWWDkMHn7m2x2wfbnY3CyTFFa0RYQ%3D%3D%7Ctkp%3ABk9SR7b55-urZA
Samsung Galaxy Note 20 | Note 20 Ultra 5G 128GB (Unlocked) - New in Box,,$269.99 to $379.99,+$34.54 shipping,from United States,,https://www.ebay.com/itm/176488271227?_nkw=mobile+phones&epid=9040080100&itmmeta=01J5FBSZJMM9VE946ERNKRDQ9E&hash=item2917854d7b:g:W0YAAOSwntZmoW8P&itmprp=enc%3AAQAJAAAA8HoV3kP08IDx%2BKZ9MfhVJKmUY7uEGP5q8xBJQRXxjdxR9Gzr1MRXNqQwFflHf%2BwsDqVjcd6lz7FhAWtEvNbv5954roGfghRmYqgPEtPSk%2Fwm1iL%2B%2B5Xx6oVKgzeTQuvhr5JhvP5OrCjCt0YF64J5vlBvYTQOYYkFgFtogzFpUBzoKjassuQ91JW0sQ2A%2FkJMLQp7nj3EPp1JuzZeD6D3eEIfl9qhGocJDgjiuZByeN67blj%2F0i7v4oWpTClm7Rxcw%2BFXfIznoYm7rJRTM4kCxRF218w2pcmAUF6PlVYmmGsi2DcqiHccdWGxsXhhBFBLUQ%3D%3D%7Ctkp%3ABk9SR7b55-urZA
Apple iPhone 12 Pro - 256GB - Pacific Blue (Unlocked) A2407,,$334.17,+$72.13 shipping estimate,from United Kingdom,,https://www.ebay.com/itm/405164011833?_nkw=mobile+phones&epid=15041716748&itmmeta=01J5FBSZJM889E303EK65M71VW&hash=item5e55a83139:g:E9YAAOSw2MRmr0pn&itmprp=enc%3AAQAJAAAA0HoV3kP08IDx%2BKZ9MfhVJKmDSOAWx%2BmBNr7eH5jT%2FW3F3SGEXx%2BY699qkCLJDpoMVcp%2FMqy675qW3bG33xgDf1M%2BJjs9BiiRMHltqKM6ygB1%2BVU%2BmnIHs%2BsV1aizfi1cxl%2F7o36o58rWZSyTCXyBkQWhlUh4u3kFnRv8Tbw4wFjsUfoQS%2BUPVth7zvJSm%2FUG14TU43qeYZa2jTuJysI%2BxX3PSPk6kr33vbAimeieAMhOaV5gJWfkaK9EI1iRx2h3QabBgBejcoT%2FzGQ4zNg3KIE%3D%7Ctkp%3ABk9SR7b55-urZA
"New ListingXiaomi Redmi Note 13 256GB/8GB 6.67"" International Unlocked Smartphone, Ice Blue",,$148.79,+$30.97 shipping,from United States,,https://www.ebay.com/itm/135196471375?_nkw=mobile+phones&itmmeta=01J5FBSZJMC0TF8GMSNQC1DE1S&hash=item1f7a56704f:g:aaIAAOSwc~NmvKND&itmprp=enc%3AAQAJAAAA0HoV3kP08IDx%2BKZ9MfhVJKkIuz43ffz4n8M1gIIkzb25juG%2F30I0zawWfEIz5EwehvYSXS%2F92Y5stH2E5%2BhATaFuJp4hf6dgcQEFc6ysa3Tedupb173SZtOokbb7gDqb4Erd5uIGriXLxDcmJG8BwDHmiMelJI7USZee4D1WO5thaBVYk48bCjYWUYWoGXjOdYcELFdNkcU7pxfQ%2F8v2ilY11u9EdkhQQGFUz5go%2F6SxPhlO9c5qnuG6Fy2yf8sW%2FC%2FgynNO%2Fg%2BRCvkSMKXXU08%3D%7Ctkp%3ABk9SR7b55-urZA
New Samsung Galaxy Note 10+ Plus SM-N975U 12/256GB Factory Unlocked GSM+CDMA,,$229.00,Free International Shipping,from China,37+ watchers,https://www.ebay.com/itm/305651644039?_nkw=mobile+phones&epid=12033734402&itmmeta=01J5FBSZJM2MWG77VVYMR8QSZR&hash=item472a41f687:g:AgYAAOSwwHFmg~d7&itmprp=enc%3AAQAJAAAA8HoV3kP08IDx%2BKZ9MfhVJKnAAhZjs0Yd7biapr6qb--N0IJI3QPrbadXUOQ4m9bkVlAh9kNXILX0D8FeKZdHS6QSvQJL4KiyOHpZRNmzIg9WVorX%2BJG93xTKJ1rD49E5NwonYvbxAqz8A%2FtW85LFmlzEfGO%2BaSCgjwvIDDGydMCesILy5Tyh7t%2BxNltj2gCupLHzRSD2Kbn8l5qPj9pBqM3mLgukNewYgO6C1YPIP4jazLCsSxdQF2yxWZ4cr100EaAkIMwKj7FqL5AgNzWVpT7U7qQStG356o63lUEP%2F2fYUf%2FHgf9%2FXdwDWrln8fgjHg%3D%3D%7Ctkp%3ABFBMtvnn66tk
NEW Samsung Galaxy S22 Ultra 5G 128/256/512GB SM-S908U GSM CDMA Factory Unlocked,,$429.86 to $647.66,+$10.00 shipping,from China,10+ watchers,https://www.ebay.com/itm/186615503183?_nkw=mobile+phones&epid=21065009430&itmmeta=01J5FBSZJMX5YY2SJEYBR8AAJS&hash=item2b7326994f:g:Fp8AAOSwrJhmb~~t&itmprp=enc%3AAQAJAAAA8HoV3kP08IDx%2BKZ9MfhVJKn27ScGP2DJ1ba9PLyylPGjXfQqIR%2B0pKsiqmGC%2FHtX0gRHRW9GhidcEFQ%2BPMjqs6f38IsS7xZpltTyJrGUW8xr8FwDKayexQtOZuQz%2F3dIBvARYwb2OYQ%2BXL30lj7%2BQAO4DHrJjoMzZfMAjcu7mM8b4z4ZyXr2QJ6xYm%2BMc%2Bd6kSFxj7Y5pX9yXuBdG%2FK6AEx4nGeDP%2BQXfvfXZPNlxAtU4VEgvNxviA6i3M86Y6rXV61ONsDW4%2FGTNrtK2dCU6QAqAGz88cS8BWzvoYf3MsvpSg4%2BIW2jTMglhZQDcpsf%2FA%3D%3D%7Ctkp%3ABFBMtvnn66tk
Samsung Galaxy Note20 5G 128GB  Mystic Grey -Mystic Brone - Green( Unlocked) New,,$385.56,+$60.20 shipping estimate,from United Kingdom,,https://www.ebay.com/itm/256202851990?_nkw=mobile+phones&epid=28056277366&itmmeta=01J5FBSZJNTEP59DZAVW5PBXGD&hash=item3ba6e14696:g:SYEAAOSwvMRk8Pnq&itmprp=enc%3AAQAJAAAA8HoV3kP08IDx%2BKZ9MfhVJKkqcG%2Bhaip0MuLzDH4oVHV11wYFZDpWz2CBBHFsNtf8SR0Yv2hmUcuH3FcW4803pzOXkz0I%2BF8pFBCw%2FNg8g1KapN4Wz3DluQrMO2ZjxocNVdisAZZ0C3p8Q03je9J1XrvqBhHsKiWWZHAlNPQ6gQX8wEDZEzvrXeOyzqSsX92GaqKCwy1ZWdJm%2B77Uu2lK6zYN1lClUoCUJXs2kneKng%2F8bRJ4jInAzZd2SRP%2B6WlvHyG9%2F9RN76tgYLy6alFGDPDUhwf7nSeBsNRAvI9%2FDHRVB2Q1oP1plfC48%2BilrN2FoQ%3D%3D%7Ctkp%3ABFBMtvnn66tk
"S23 Ultra 5G Smartphone 7.3"" 8+256GB Dual SIM Android 13 Unlocked Mobile Phones",,$147.79 to $164.46,+$6.41 shipping,from China,10+ watchers,https://www.ebay.com/itm/135122665962?_nkw=mobile+phones&itmmeta=01J5FBSZJNEDQQZQ6V9E2TPV54&hash=item1f75f041ea:g:KakAAOSwQ5pmVuM9&itmprp=enc%3AAQAJAAAA8HoV3kP08IDx%2BKZ9MfhVJKkrom8YQa7G9h04eLerA4BLGK0oaBihD3kj7ZXa6mxBjBfkTa1BJukaSUdWPacssuWdOzQHIcIMkNgkNCeNn16VJWGuNmx4y5844ZmXdv4%2FcHirKlrgv6pR1l3FF6RQn9NfUU7AjRlrLLQ%2B723N6zoWsfAT1wSrAzwKKjzIKa3WJETdnBDxELgu41l5kO6O9E1dcN7Q3Eo5yTrrgVEm1g2JKfuQFi4UaIp5u1vvuEm5rmchM2q%2BL5RmJrwsNsQ6ox2E0qd%2BjUyQYkxgvri6Ym%2BVhjPVaJMo4F1XYqfylvSSnw%3D%3D%7Ctkp%3ABFBMtvnn66tk
Samsung Touchscreen Phones   X 3 Joblot,,$8.98,+$69.89 shipping estimate,from United Kingdom,,https://www.ebay.com/itm/387299346599?_nkw=mobile+phones&itmmeta=01J5FBSZJNKJTEP7FHBNDS7WD6&hash=item5a2cd708a7:g:OBMAAOSwbexmtREO&itmprp=enc%3AAQAJAAAA8HoV3kP08IDx%2BKZ9MfhVJKlqJffpP6qvEY%2Fo5Qyp%2FisQcALSwb3o3scaMIFCpGvQFa6qYJ9gbDv6JE6Grb3D%2FC%2BudmCxRl%2FHNAPx51Ts9AqkKu%2F8JAjHYmgqL6kp3XL9pB%2F8F5%2B0C48fFzod15zKcGp%2F%2BiEt6jOO2hkFZe%2BYUxTVwYVB1yaps5jeCIo4rIzR7I5O1KwheSyhJyhh1qG7nhl6NTCErSRUoY80H%2BGpkQPbwDw8uWZUZB%2B%2B%2F1vvrXiF8aBXjvhQZyYgENSRGhPUDXGWjcFJ%2F2yZGe0TXSb85U7VW6knsxLEt7C1PrHO9aNkIA%3D%3D%7Ctkp%3ABk9SR7b55-urZA
PRESALE PRE-ORDER - Google Pixel 9 128GB (Unlocked) - Obsidian (GA05226-US) New,,$624.99,+$45.01 shipping,from United States,20 watchers,https://www.ebay.com/itm/296631516938?_nkw=mobile+phones&itmmeta=01J5FBSZJNXMM3YPFHRW7MMYEA&hash=item45109dbf0a:g:F0MAAOSwJWFmvQZm&itmprp=enc%3AAQAJAAAA8HoV3kP08IDx%2BKZ9MfhVJKlkEso7g0L6%2FTrcIdLJAAMAR5tPyhGvLtMeq%2F7YivxECmNikoW6FJzUWi7rm9I18qz37II7m0T8qq7FV%2Buf2M62NOlMKi4p14OPiZDjWG1TsmHpw%2Fs%2BKaHRFg7bC09plX9NItvjMckYFY%2BpCyfv89VDmhje8DHnc5lr%2F7mw0fFgq01sqopTV6b9%2B9v3fdxAMMksjUDknQkEJOps0jd6JKgbUVpn%2BG%2BtUIHN9lc51A7U%2BdTEAf0BaJsAxbL3OCirFthuEbQ4cd85KvblEM3FB6HXZdlmVez2BLnuW2QphlOa%2Bg%3D%3D%7Ctkp%3ABk9SR7b55-urZA
"POCO F6 5G Limited Edition(Deadpool 256GB 12GB RAM)8s Gen3  6.67"" Global Version",,$439.00,+$29.00 shipping,from India,53 watchers,https://www.ebay.com/itm/176506468892?_nkw=mobile+phones&itmmeta=01J5FBSZJN8XMMZV6N1VN2Q1KZ&hash=item29189afa1c:g:PeQAAOSwSMdmr0Lk&itmprp=enc%3AAQAJAAAA8HoV3kP08IDx%2BKZ9MfhVJKmBJKLKZ6jDxYXTWDPGER4YwyJWc%2FCq%2BmQIYOerhFw3gEkkLFIxOBgMk1RP%2FrCJq7ZDS2IG55kf1rQQdlkLWGtAcvuQaP9Oi83wcmqtnASg0sU3vJTX4wUsT9iOoq7wGBqUTnkUlwnXdpqJh%2BtbJnRJRr7xuZIyhGV4ZPZvzOHS%2FJPfaIVqI2udzlBv%2F4FalxVBtgTLLpyinYf7yAFwz1%2FKGjFgSFyqB3omNGc3Yc7mWjUQDodmCBGN2Y1T1z61cejpUfHPUXpSTA6W5dsvIWnDMGQ4YEMgQTwEpI%2BqZ%2BAX4w%3D%3D%7Ctkp%3ABk9SR7b55-urZA
Xiaomi Redmi Note 13 Pro 5G Snapdragon 7s Gen 2 120Hz 200MP 5100mAh 16GB+512GB,,$210.77 to $384.29,+$7.70 shipping,from China,7+ watchers,https://www.ebay.com/itm/355911491928?_nkw=mobile+phones&itmmeta=01J5FBSZJNAN25QVW5X9KHESVM&hash=item52ddfa6158:g:aWEAAOSwsUdmqNLK&itmprp=enc%3AAQAJAAAA8HoV3kP08IDx%2BKZ9MfhVJKnNiTi3aL5uJTZnPwa6cME89l%2FlwTOWIEknT%2By6qmJW91hQ6cqEEh3yPoYg1U7vo%2Bfi5CTZTA3FJgD6h2iOjfwnYQOKIKAgC%2FYLaDPOkxq0QN7ah5sbIw%2BS8tzzfpgiSkAXf24nfJcI3%2FbXIcK5Cf3g0q1xZF0OJOElheJtRPvRbNjxMtRrr238MKfgieoL8aRLVY1grdBgYkptHiZiJ%2FJEej%2BSAqwbDbeApzrBR2JTBm%2FHAIhK10bBRnIgGwMapfA0Z98v84FMmVHfJ4qRzmI9%2FBvfvy1p1aQ%2FfsaMhRDQfQ%3D%3D%7Ctkp%3ABk9SR7b55-urZA
New Fashion 5G Smartphone 16GB+1TB 7.3'' Android Dual SIM Unlocked Phone,,$119.99,Free International Shipping,from China,1+ watchers,https://www.ebay.com/itm/405152308254?_nkw=mobile+phones&itmmeta=01J5FBSZJNQP98DGDZMP98B593&hash=item5e54f59c1e:g:3~sAAOSwxFhl4Far&itmprp=enc%3AAQAJAAAA8HoV3kP08IDx%2BKZ9MfhVJKls57ZKAPpd069wIC42Y0h31OdjvzYHNy1VATPyAoIcPKakfY1AkS5SXuuGP41Tndj5Ls4lGJHQbgl5OBLFgjTUQHL%2BKa5CHcNFmcaAPiQT2dlYy78mnQUT9JOMVUSzDmgePT4AzpAwYH0hOb178BHGSJk4xL6g1lYZSdhL5Q6Bny4M6LVus%2FgMc%2B1Hk1TSs7AmhQ2U0SF1MMMorHkYqAS4YfTFyXfM9wC7S9NiPkAI%2B%2B0VjJFuhn5%2BRxmp%2BvlL84HLzaIJniqwqXatmurC3XW6%2BSUOhwnvBr1SEkFM9jGWCQ%3D%3D%7Ctkp%3ABk9SR7b55-urZA
"OnePlus 12, 16GB RAM+512GB, Dual-SIM, Unlocked Android Smartphone Flowy Emerald",,$699.99,+$70.37 shipping,from United States,,https://www.ebay.com/itm/355827377708?_nkw=mobile+phones&epid=14065031726&itmmeta=01J5FBSZJN65VTNNF8CPX7V7EH&hash=item52d8f6e62c:g:HyMAAOSwIRVmvmQY&itmprp=enc%3AAQAJAAAA0HoV3kP08IDx%2BKZ9MfhVJKmQ8cNUrRewtIZdxpHNSgxahosS5iZyV5JHZtrf4JC2uOtKujZi%2F4JtamNcpwMNY1Tt25BD1zUpExjM8lJQ0A9bZ8LP%2BO5XJgjkpXIKGjyGOAaBhSnvLL7wMbsWIZYuXRtdy3%2FaBd%2FXz4hptUC%2BQRKdWRvyHZ9oj3D%2FMwOo1hAYvcCEMMrjXOlprV8I6h2LmS0GZhqFB3Jjh8gyUMKHKsmsScHMMBLJO6l7biVPH8GxGoGsv1CuODdIJp2J6qhSuvw%3D%7Ctkp%3ABk9SR7b55-urZA
New S23 Ultra 5G SmartPhone 16G+1T Dual Sim Android Unlocked Mobile Phones black,,$173.51,+$7.70 shipping,from China,84 watchers,https://www.ebay.com/itm/355806731638?_nkw=mobile+phones&itmmeta=01J5FBSZJNT2751K5B5ADRJV37&hash=item52d7bbdd76:g:RjwAAOSwxhFmRGUt&itmprp=enc%3AAQAJAAAA8HoV3kP08IDx%2BKZ9MfhVJKkN44ED3wRTPPqX2K714o8Lja4G7Fc1FOs09wvX7Syz8dIyBOoYQKTzEYng6oxwRezIolMHtFO9Sy6eQEWIg%2BhZoNZF8%2FKWutEoN8FQ%2BmSR2iXwWtxEgGf6pbq1XjWSa61nV1Y2G%2BCyQCYSfPIDR2KhSluft6LC8bOKQRkA2SWQzpDcSQWHBbJ%2F8jfwSw%2F3pN6L4fIqqpZwmOJ4M8klujx54iRqvvtrFkex0wN4UqvbYZQHmwbbsFjlkOYjTtp%2FQXqAIPxhWSOuLcCQlV%2Ff1URz1j8OkJGiSMF5YjBqE%2FyXLA%3D%3D%7Ctkp%3ABFBMuPnn66tk
NEW SAMSUNG GALAXY FACTORY UNLOCKED S22 ULTRA 5G SM-S908U 128/256/512GB GSM+CDMA,,$421.75 to $650.75,+$10.00 shipping,from China,29+ watchers,https://www.ebay.com/itm/395532090071?_nkw=mobile+phones&epid=21065009430&itmmeta=01J5FBSZJNVTPA6S6YKZ98241S&hash=item5c178cbad7:g:D5QAAOSw32tmkppV&itmprp=enc%3AAQAJAAAA8HoV3kP08IDx%2BKZ9MfhVJKmrlfF1rG6JpuhRpI6%2F5fxb8%2FxtKfyxX7qFJTnCq3FB19Bo%2BPeknncpoH4n8%2BbaQKVpksjLHB0QMcmrF3pvFcFlUgLN8CrUR2B6hKICP%2FGrrh%2BXG4YoL%2FY3QjLjUf6d%2BbHL89ySHSjT71K62Zow7NqJkdPOaofGI%2FATl6orEb%2Bofpg80rYhc0sEhVHzbdMRhQIsltKOHvGFWTFXmxGpXxH2ZmAKF6ND73hsjBUlYxfmUEgpkllajq9NmmIiSczJgAS5cr%2FWEhFDAsVwUA28%2BQYM0f6qGI%2BkeRm7eNLFbAbrDg%3D%3D%7Ctkp%3ABFBMuPnn66tk
Samsung Galaxy S21+ Plus 5G Unlocked G996U 128GB Android Smartphone Very Good,,$189.00,+$31.71 shipping,from United States,,https://www.ebay.com/itm/335247640004?_nkw=mobile+phones&epid=20043689450&itmmeta=01J5FBSZJNP8DEC3SX3D4AF90C&hash=item4e0e5105c4:g:Fh8AAOSwG11kJHCN&itmprp=enc%3AAQAJAAAA8HoV3kP08IDx%2BKZ9MfhVJKkfP3MCo9GORnAS0PomnWAs8Ag8cFD%2B%2BNT7ewvxK0x%2BvtuWlbQopptgHkfjOl%2FP%2F0wG2uxyv323yc89zMVjL1mVr0PHT5VsRp1Edu%2Bst39SYTJQ63prLrbLjgeziX7jpLcBqjclgeoZU1Qcsu2cvh6tnm7Zy7IObYomb0K%2FomYJlUhF7GIRWQthWQxLw3lwSrBTFmru%2BerWPbCtN0PE72h%2FNWZZSqJRm59p5eRJjtHY6WmSOx7eYXCJmS5%2Bi5CgBtNimrPCsODlH2TMp0Nl%2FPoYx%2FCebm7VRi6lSxUqs%2F%2BXjw%3D%3D%7Ctkp%3ABk9SR7j55-urZA
"Fairphone 4 256GB 8GB RAM (FACTORY UNLOCKED) 6.3"" 48MP",,$339.99,+$36.61 shipping,from United States,,https://www.ebay.com/itm/196145784812?_nkw=mobile+phones&itmmeta=01J5FBSZJNCNK3BK3D6EV64A0F&hash=item2dab3327ec:g:ffQAAOSwSsBlhKNs&itmprp=enc%3AAQAJAAAA0HoV3kP08IDx%2BKZ9MfhVJKnYPPJKJ4d6ocrrJdKvRkcm%2BFUSpIfytJ3c%2BItVn5JlImVmRTlRMk7d2EWtr7zKkq1oB7cUwdmcUL6DBJ%2F47UmmmjDIE8sDUNUQkkB%2F2Te3SWpKHlu5QWc93crD5Trs3klko0uB%2F4Ag7hUcb2IwLq2QPSoP8yCIYUNmvZxxcOLF1%2Ble5yLJeIC3nM2GgkswOI%2FCzIu5jZSJAYkBIs8xoH529E%2Fp2UvV%2B43A%2Bno75qwmGwPD9Datp8QpBfp0WC8W2WQ%3D%7Ctkp%3ABk9SR7j55-urZA
OnePlus 10T 5G 128GB Moonstone Black  T-Mobile Unlocked Smartphone - Brand New.,,$266.99,+$34.45 shipping,from United States,,https://www.ebay.com/itm/185997734023?_nkw=mobile+phones&epid=6055469363&itmmeta=01J5FBSZJNMPTWRHZKPYK45ST5&hash=item2b4e543087:g:RlQAAOSwhRhkuYfh&itmprp=enc%3AAQAJAAAA0HoV3kP08IDx%2BKZ9MfhVJKm1gkiVK5gfPdHEYA8XdAeRj%2Bis7M09k6lZKiobQ%2FvNCf%2FbyidzSr3crLC%2B%2B7IdZWvaXb3BGAp0qYHSrilraOPOZdxqJ4fGVVppv4nuPVDOzTOrizr9OpsxGcP9J4DaOyyfG96chdVk7o4rG1H3zmqc%2B3697ekVlUtdsF%2BYti4c7K%2FRs4UidWtt8Ufpww3o8ppbmRnk0WXDSI0O8CfEn6GDI%2But9SYDNXd8cQtaCxXgbVb9IS%2FvrZdHdEwoAIz3Ia0%3D%7Ctkp%3ABk9SR7j55-urZA
SHARP AQUOS KEITAI 2 601SH White SoftBank 4G Android Flip Phone Unlocked NEW,,$288.88,Free International Shipping,from Japan,,https://www.ebay.com/itm/387258856810?_nkw=mobile+phones&itmmeta=01J5FBSZJNW5NN1VZH3TYFNPZK&hash=item5a2a6d356a:g:r1IAAOSwqp1mrN8B&itmprp=enc%3AAQAJAAAA0HoV3kP08IDx%2BKZ9MfhVJKk0g3f6SUilOM7Z964v0rXBEQGsdPOMpr0WLOtLKlQ8%2BFRuVaA8sCqbJp3nYRTtGtA5oM0rHEM26HgxnaN8nxCk7VrBlFzaaA%2BsQ4M9pCeP%2B39KPhF54ArnhShwlRmkrTkJI1%2FkhMoQ7VGqztsmX4AeJCZ5%2FVr2cyk8kxwarmdWkWSe5OM3bIilecvrC2BomNulIMEnHLewRomu5BLEOGu6%2BNqfkIgZKuLUDHksTgltgzAJuN01MtfEfbTEwaIza3E%3D%7Ctkp%3ABk9SR7j55-urZA
Apple iPhone 14 Pro - 128GB - Factory Unlocked - Excellent Condition,,$669.99,+$46.34 shipping,from United States,34+ watchers,https://www.ebay.com/itm/126595003970?_nkw=mobile+phones&epid=24056252938&itmmeta=01J5FBSZJNZGBM2NECYNJPKP3Y&hash=item1d79a67642:g:eqEAAOSw599mo6rR&itmprp=enc%3AAQAJAAAA0HoV3kP08IDx%2BKZ9MfhVJKmwDpuYiPrCkrg6ZZefD485q5THPy1tjeycQ2jSTF3P1iZzd9qCScGPguurFgZVNBnaHHHDMUmFiIjbkiCIxwGbzpX5XgTGfPfeNXfrvtqZ%2F7e44o3vuYNAZ%2B3880hifZnydH7vQWhvHFr69Hz0%2BcfMo6e0KZ%2FUHlKFLN0EaI59BN9sjXngT0LjznH38JoDvvZZZ8FjHsQE72e42o7CbI0PFZswPVKYdVDrQwAy%2FyUZ0RjxrCe60R6dIYYXfutC9L0%3D%7Ctkp%3ABk9SR7j55-urZA
Motorola Moto G Stylus 2023 128GB 5G XT2315 Fully Unlocked Black,,$119.68,Free International Shipping,from China,69 watchers,https://www.ebay.com/itm/375547764174?_nkw=mobile+phones&epid=18037045918&itmmeta=01J5FBSZJNFDW60Q71GSJHBEBN&hash=item5770641dce:g:F-sAAOSwZZlmm83H&itmprp=enc%3AAQAJAAAA8HoV3kP08IDx%2BKZ9MfhVJKlGWJsFG0jZbnNEtHVOj82uRZtaaEaOgGjrz25n4HaSSL3I1RFUL4zZLWVv2zPVCoOd3HzoS6w3sQ758k3ev78GWHLW%2BDFd3reAh5%2FPo9A6xyjLyvTHMq8dVlw%2BMyhV1f03Llh8jO8gL4%2FznSvazeIHKVCkKv0bZZDz4V3aVg16uCdFQOvPp1wOYqhz%2FIhvyk4P5YoD0nyHqVHwgJHroIZei9i%2BM8DRtwJwcyzmPToot76K%2BVe1VFJAFKdAXG5WA%2B3MHZQWDW5kRC5IiVKtCgzZuqU1%2B2s%2BKAxUyBwssDwzGw%3D%3D%7Ctkp%3ABk9SR7j55-urZA
Motorola One Power (P30 Note ) Dual Sim 64gb Factory Unlocked,,$45.00,+$27.90 shipping,from United States,,https://www.ebay.com/itm/166904949806?_nkw=mobile+phones&itmmeta=01J5FBSZJNWCXP5YCQQTYBG7ZP&hash=item26dc4f6c2e:g:dzwAAOSweIFmsZrj&itmprp=enc%3AAQAJAAAA0HoV3kP08IDx%2BKZ9MfhVJKkxvgnOOOjA7JGSGriJGp3kOvR4W%2BZ%2BrdbpxqkcBNdf7fuBODE9QhPBhddZF0rao3%2F1KU7DwhlCejDQHjstOzQvr6pR5L69yXjiSQeRdLEfVSQp3GIDbL01cX%2BPVBXECkWF3JEpWubjnrd9S%2F0%2FzUIx6U0xlUAQ4%2Bfh2Bojg%2FzFRBJ1UCCPGwUmyQ3nPiYhAQeXRcoaqy%2FH%2BxT9eOOv%2FfKkSXogIc1tOlmeFHXgMcDSCQBR8NNgfFENEL16R11wcH0%3D%7Ctkp%3ABk9SR7j55-urZA
New ListingSamsung Galaxy S22 Ultra - 128GB 5G Black Dual Sim- Unlocked UK Model Brand New,,$340.59,+$72.35 shipping estimate,from United Kingdom,,https://www.ebay.com/itm/256606124258?_nkw=mobile+phones&itmmeta=01J5FBSZJN3S86Y4THDNQB5BJW&hash=item3bbeeab8e2:g:L9YAAOSwOLZmtSEk&itmprp=enc%3AAQAJAAAA0HoV3kP08IDx%2BKZ9MfhVJKkvNjqqchEpZ3%2FlVAVrY6DWeidmm6xy1zI6pN%2BgeNTanEXJWxM4w%2FTR1wM4U%2BFGuHtAg7P0EH6OrR4OAafpFowX9TR1xcPT%2BvVYUMKd%2F40tKOa2bA3MA3pSa2%2BqFCudEpYIWUr%2Bl31t2zSmzXgPErIDN78NwYf8DWtcHnVElXjyEzup3hjuTZY4%2Fv3FXMKSyNqLYPh1M7h70sZOxyfOtoIl38Ij%2BG4QqPBdr3u%2F0idnmgGK79D2MK1sCPzIYCpYpS0%3D%7Ctkp%3ABk9SR7j55-urZA
Samsung Galaxy S21 5G 128GB G991U Unlocked - Good,,$154.99,+$22.88 shipping,from United States,,https://www.ebay.com/itm/254987231741?_nkw=mobile+phones&epid=28043687656&itmmeta=01J5FBSZJNVAZYS77FVKVHF7CX&hash=item3b5e6c61fd:g:C0EAAOSwPC9mVjpy&itmprp=enc%3AAQAJAAAA0HoV3kP08IDx%2BKZ9MfhVJKnY150blS%2BFtPt9Djb0Kx94H9J3PUaQCbDgEX2VW%2FStnv1ZiNSS6AW00EX28DlDn2%2B736Zn40vbDBwLN3D0gL1Sc%2BsfyPNYrKtyaoKTO7d7sBMN25nPVLUstK35LRMrlwnpNlGo1FQWb%2BVGvfEuMSsZORzFEwJCgjSBIbPi94ce0fupCeqhxSofA%2BxWpptK5DZZjzj2QhPT0Zn2ktmTbhoajffASntLTa%2F3G6VHqjbN5rIZg3LbHjesKFLPpeTXmGE%3D%7Ctkp%3ABk9SR7j55-urZA
Samsung Galaxy A55 128GB 8GB Ram  Android Smartphone  Unlocked 5G Dual Sim Navy,,$339.91,+$58.62 shipping estimate,from United Kingdom,,https://www.ebay.com/itm/285809322198?_nkw=mobile+phones&itmmeta=01J5FBSZJNRJR1QTYEZ548SAGE&hash=item428b9028d6:g:H9IAAOSwX8Bl~fXL&itmprp=enc%3AAQAJAAAA0HoV3kP08IDx%2BKZ9MfhVJKl0DvLkrmnw7dZ1oXrWgoRMxUZr4H7H1a6rntC2fs9IQn4KUBljCEcw3bsSznM8Sg%2FjzmS7yBagCSg33yg8DSP36igM%2B9cQnizUsppUmWpE5kmyWv5myTg1lU4BqqygP%2BRmCrbuqOz99dfHIt0hpHDKhPRokCDcLzK3PgXYQq09B1JAGBz%2FFsfomQewO6z9fjI1uEorw2J8vPIQzb%2BTrg2fXD%2FRnRUinh0dgEAfwdIL%2BT7fAVIeyHU1x5iKCQXt6Rk%3D%7Ctkp%3ABk9SR7j55-urZA
New Samsung Galaxy A14 5G 64GB Black 6.6â€³ FHD+  Factory Unlocked - Tax Invoice,,$152.47,+$24.66 shipping,from Australia,,https://www.ebay.com/itm/226060117786?_nkw=mobile+phones&itmmeta=01J5FBSZJNG7RKM38GKYJR01VQ&hash=item34a23ba71a:g:eqgAAOSwtQ5l~2MH&itmprp=enc%3AAQAJAAAA8HoV3kP08IDx%2BKZ9MfhVJKn9EBcHdhghkcQYrosiG4gNl3XV4YpT5K35sz4%2B4RgM4VyyYAloFLWK3wIrp78nkTFPIhVh6WG6In1oSKPhSnBSU4uGeNKlIPFvQl%2B3BsXu%2BHmLErdvYuRRBpbcGo1P2%2BZBp4h2thRl8W9Wj7acvuh7j%2FKsNmyPaOWHd3zAntaEkGwBkc1F7gIXDFcpeSGZMqeKLL%2FUO%2Fiht3QDGMhYS1z2fIr5LAHf9WeZ7yF9wwFW1zmiQ0XxLM1nNFnubX5OhD8WJ6SegPMOi3GReF2R7dA71m7IFcPapXr8UAyLBdLk8g%3D%3D%7Ctkp%3ABk9SR7j55-urZA
"Motorola Moto Razr 5G 2023 XT2323-5 128GB 64MP 6.9"" Unlocked (Any Carrier)",,$323.99,+$35.69 shipping,from United States,,https://www.ebay.com/itm/196310390862?_nkw=mobile+phones&itmmeta=01J5FBSZJN7CR7T7DBD2Z7WY7S&hash=item2db502d84e:g:2WUAAOSwIslmAFIC&itmprp=enc%3AAQAJAAAA8HoV3kP08IDx%2BKZ9MfhVJKk0hKfq4b2IArEagWd8PTgSRl2es9svHX9uge2uaIMC3XCWzRc2ewJu2chgMokc7eGUJlaldKhE74Ioea9zw9%2FoPCBL8CCeFNEbWSsHld9fzy%2FgUKPo%2FTS19BAGHvolAB8Y2VGfRDNxUuVIfhz2QJ1fU4Fad5P3P5d9ZHkMZMN2CRyDG88bNYCdk7VwRQqTOiCvU3WYICh62K4FJCUdnQglKn%2FrEtWnHbDP%2BnLx3py7fymthICZD--4ZYZlev0nc8%2B6YcjkGnHPqnBXvrpy9AtUwXoIQCcSNjmPjJEjBfC6AA%3D%3D%7Ctkp%3ABk9SR7j55-urZA
Google Pixel 7 - 7 Pro - 128/256 GB - Unlocked/T-Mobile/AT&T/Verizon - Excellent,,$254.99 to $327.99,+$34.69 shipping,from United States,,https://www.ebay.com/itm/175793511978?_nkw=mobile+phones&epid=15056926328&itmmeta=01J5FBSZJNWPM59CEPDMCX2JJR&hash=item28ee1c1e2a:g:ma8AAOSwVlNknPTs&itmprp=enc%3AAQAJAAAA8HoV3kP08IDx%2BKZ9MfhVJKlj9%2Bnzv0QU2oty9EKSvHtO5ACpirr8A1wxmImhRWFaOPDOPYXKhxo5UDrW54uymV2Zf5PIWBehhYp32YhL%2BaQc28S5MOxL7CGpv%2FjCW%2Fngd7UwF8ALwWV0ogKJEpo0%2Bru0vWpr8ZBiTJZy8bddcGUMHU9hsOKCblVvCYG9%2BRiPCwNprtvDWz%2Fq0HS%2BCmquXinKAFfAJcXrlxoCRwryv6B8O%2FNLNtfJgYErmllSZsTysk25FVNZRGDx7nVRZ2vR0u3qTr5biTDCz04v4VDe9iRAdLewKeGq%2FKUg4f15I0B4Hw%3D%3D%7Ctkp%3ABk9SR7j55-urZA
"5G Unlocked 7.3"" New Android Smartphone Dual Sim Mobile Phone 16GB +1TB Cheap",,$30.75 to $119.00,+$9.99 shipping,from China,10+ watchers,https://www.ebay.com/itm/315563745605?_nkw=mobile+phones&itmmeta=01J5FBSZJNVEHKDRW4N19A19KV&hash=item497910a145:g:JPYAAOSwvk5ml8e3&itmprp=enc%3AAQAJAAAA8HoV3kP08IDx%2BKZ9MfhVJKmQ6YYm8zObRPZCTnB7Ia%2B%2BQWCRCTvGohiGz9SxyKM3CxO1OjlQsksRQ34jXRjhmBVih%2BGDy01f7%2FdgSlE%2FTFIvBx8SE4WaRtZCtNVS2Sn22qLQTwhP84HwLSdaCeY5j7ou61vi25Q6qvO%2B9Vwni%2FW%2FsdQgmFjmrYPLinnPE9c6nyBShi%2BkZsEbyD2k4EiMAqSG8wUDyJxHr1TRpW3dk9vsnuS6mn%2FTf9akg5Gh0oFyGxCnfyln%2FYYJsIb%2BJlvopaARWSsYmMuWOeb1pPhU2SSgEVjoA7UuXaaiPJSt0eUiTQ%3D%3D%7Ctkp%3ABk9SR7j55-urZA
Samsung Galaxy S24+ PLUS - 256GB - Onyx Black - NEW!!!!,,$851.25,+$21.97 shipping,from Germany,41 watchers,https://www.ebay.com/itm/196560579351?_nkw=mobile+phones&itmmeta=01J5FBSZJNA2ZTNQQDYH9376AP&hash=item2dc3ec6b17:g:5j8AAOSwDChmvJFs&itmprp=enc%3AAQAJAAAA8HoV3kP08IDx%2BKZ9MfhVJKlUgPt12KbspU9jRnBrqAKnz1tiyoRKuPVozQYRKvIb9gyjQuuffm3CibdbGEKHSreNl6xrv8Ccdb30q7c6FyHmLHpyWISUrg%2FeOjXg7BEgDPVAEUAxPv4LekHQ1pMmjl4gYYe%2B%2BccrfKKt5cRPKhpSCBCXcya9wMSA4ljWS202WCQ2xyXjK6ccMMZqBHATho8T%2F2ZSZnDbA8mfwudnkdF23XwU%2FtJrNuLxKBvrxjjns%2FfmhZGGc0znPIJZndbd9aeNfuxvrnn5YfLHBdVJN067YijUDcb6STJ%2FlHAw4UcnlA%3D%3D%7Ctkp%3ABk9SR7j55-urZA
"Moto Razr 40 Ultra  5G XT2321-1 5 8GB RAM/256GB Foldable 6.9"" Infinite 4 Colors",,$439.00 to $449.00,+$39.82 shipping,from United States,,https://www.ebay.com/itm/256580082528?_nkw=mobile+phones&epid=16062932039&itmmeta=01J5FBSZJN1V8XVQB3WV8WRSCZ&hash=item3bbd5d5b60:g:MTEAAOSwnb1mnr0X&itmprp=enc%3AAQAJAAAA8HoV3kP08IDx%2BKZ9MfhVJKkPuM4j2c%2FYlke84T4FoMOXLwK--G7uzkbk9e58cahL3cj475A4MiklSFHUKs3Bb3RwIMuCkP0qVqma%2FmriNC1GmDN8%2B%2FWqLKxPxr1bP1hYD36QGJLyr82F6G%2BwLS3f8FeoKZvHRP7yUKDz8Igz7izVXcrBVBcN17pu0Gq4Ro255WVADIHiOQal4I7w8dn7gzNMpHpzg%2FsTGhBO21UVwAqBfCO5RPDmdGivfTW3DFVo%2Fxyc7UBYlWiXW3ECDHWTY5aHzHkUe272p5FlZ22KZFbPAuR9sCdjVwKjpxSny3CfkQ%3D%3D%7Ctkp%3ABk9SR7j55-urZA
"Samsung Galaxy A15 4GB RAM, 128GB Storage UK - Light Blue",,$122.10,+$51.11 shipping estimate,from United Kingdom,32 watchers,https://www.ebay.com/itm/375553904966?_nkw=mobile+phones&itmmeta=01J5FBSZJN7WTFDBX7KA9Q0V6P&hash=item5770c1d146:g:bAwAAOSwiOZmja9O&itmprp=enc%3AAQAJAAAA0HoV3kP08IDx%2BKZ9MfhVJKlZ8nji7Mh7ptiNK5llHVOO43vd3vUB4vRforVsjdVqj11RvWCqMVsW3RzUV70YrYa5arlkcSIQ2NGraIKiUhnNK%2FfIFZE7jNiK0xLK%2BP0DG%2FwWgAF%2BV8Sd7Jm1%2BAHMTBbDCxzFXK8GiZnrLLhPnzmPCYxzGCs0y1KOp3kZqDxVBC0lHq%2FT1f1P7higjuGK9J4bTV5Ce%2FeKv39t8GumBJKBMylvPskRQ%2Boh7vGCfhcCscwCnzclI%2FMyITi0k7K%2B68s%3D%7Ctkp%3ABk9SR7r55-urZA
"Nubia Z60 Ultra 512GB 16GB 6.8"" (FACTORY UNLOCKED) 64MP 5G (Global) NX721J Black",,$629.00 to $729.00,Free International Shipping,from United States,38+ watchers,https://www.ebay.com/itm/375306543976?_nkw=mobile+phones&itmmeta=01J5FBSZJNA3QFHFP013SK8ZR4&hash=item5762036368:g:VxEAAOSwADhmXX57&itmprp=enc%3AAQAJAAAA8HoV3kP08IDx%2BKZ9MfhVJKkR%2B%2FnQMhucWchvM1AGuigCdGQbwK5H5bTDUQ18Y6uGSRc7e9APBqHPatWOiSbfqonXiIVHwDGh5V6oOgE1xXL1zxyPNg%2BDf8uDaNIEPHOaZwOpGQd5VjHGqiYRvjxIW9I0Sg7iWVOWyh1PRzDiFV%2FznRGH2tmx1FTsp%2FZxSCURtiCR1TYdOBqiV7wb7ElJvJaKrjfVjoHtWPJ9Iq1o4s4IpWS7BQlM2EtLOLTxCxBTwfvvhJ27ARud3g5f8n%2F75mIafInGngme4KMGqMdd1d%2FChDFQplf6zhmUazWaPHJXNQ%3D%3D%7Ctkp%3ABk9SR7r55-urZA
BRAND NEW Samsung Galaxy S20 Ultra 5G G988U 128/256GB Fully Unlocked ALL COLORS,,$269.55 to $303.05,+$10.00 shipping,from China,,https://www.ebay.com/itm/186483980605?_nkw=mobile+phones&epid=26036898493&itmmeta=01J5FBSZJNQMES8F097WQNA80Q&hash=item2b6b4fb93d:g:JQwAAOSw4rtmYe5D&itmprp=enc%3AAQAJAAAA8HoV3kP08IDx%2BKZ9MfhVJKnv%2B4UxZL6egN9FzUUDUavG%2F6j79s%2F8NN9Nu%2FVVzu01IAEk1fN96%2FuN3ouHjvjbb6lRq2DnSzUnJ27WwEmvzcbWJbfqgJf1mbwZTlwYQ05%2BZctKKkoMiOORJymV2pg6%2BbTdx0VC337UGieaGlqle35pyVc4Ry6zb2o%2FnPpmuenTrSPZgU1L9XvGJViydvOI%2BHck9DVqhN1UdMQ7CIwbLyrwX%2B%2B2N%2F2gfviPklQrZBECPpMgJifUK543%2BhqOYwnXXBW4mhUV5sW9WYYp%2FieKLRZ7blI346FQeXDB5TkOXEl%2FKA%3D%3D%7Ctkp%3ABFBMuvnn66tk
New Samsung Galaxy S22 Ultra 5G 128GB 256GB SM-S908U1 GSM CDMA Factory Unlocked,,$426.50 to $539.26,Free International Shipping,from China,23+ watchers,https://www.ebay.com/itm/305636460897?_nkw=mobile+phones&epid=4052277224&itmmeta=01J5FBSZJNT5GR1WRSQ3JG92GF&hash=item47295a4961:g:E5UAAOSw5MFmhBUk&itmprp=enc%3AAQAJAAAA8HoV3kP08IDx%2BKZ9MfhVJKmemMAd6RrNAhMmoqQbhz9wi8W3I%2FdXV25z%2FAD2Z37v2wwU6cKMCmZSP3zm5TpRPWD0bWcBagZBzgxsDJIGpfNHlSOaMbbYsh7MhwrUx6xonP6v%2Bcn9YTz211unMnTwmCDbB30yH0%2BP%2BoEWLrSYsJXIANMXMPpePpLxtpjHvwnhstdRq2T3aIcrieFFHteOvhaj642iMm4xez0R%2BeQQqFIboHCAMA6SpR5EsUWngxghJZt2E2rj6la%2Fra2BLrTJzHYdD%2FDUtr0Llh%2BfTGmWQIgUdoG62d9M0eK6qmyhpW6Sgw%3D%3D%7Ctkp%3ABFBMuvnn66tk
